DATE,CPIAUCSL,FEDFUNDS,INDPRO,PAYEMS,UNRATE
1959-01-01,29.01,2.48,22.7253,52480.0,6.0
1959-02-01,29.0,2.43,23.1703,52687.0,5.9
1959-03-01,28.97,2.8,23.5041,53016.0,5.6
1959-04-01,28.98,2.96,24.0048,53320.0,5.2
1959-05-01,29.04,2.9,24.3664,53549.0,5.1
1959-06-01,29.11,3.39,24.3942,53679.0,5.0
1959-07-01,29.15,3.47,23.8101,53803.0,5.1
1959-08-01,29.18,3.5,23.0034,53334.0,5.2
1959-09-01,29.25,3.76,22.9756,53429.0,5.5
1959-10-01,29.35,3.98,22.8087,53359.0,5.7
1959-11-01,29.35,4.0,22.9478,53635.0,5.8
1959-12-01,29.41,3.99,24.3664,54175.0,5.3
1960-01-01,29.37,3.99,25.0061,54274.0,5.2
1960-02-01,29.41,3.97,24.7836,54513.0,4.8
1960-03-01,29.41,3.84,24.5611,54458.0,5.4
1960-04-01,29.54,3.92,24.3664,54812.0,5.2
1960-05-01,29.57,3.85,24.3386,54473.0,5.1
1960-06-01,29.61,3.32,24.0326,54347.0,5.4
1960-07-01,29.55,3.23,23.9492,54304.0,5.5
1960-08-01,29.61,2.98,23.9213,54271.0,5.6
1960-09-01,29.61,2.6,23.671,54228.0,5.5
1960-10-01,29.75,2.47,23.6432,54144.0,6.1
1960-11-01,29.78,2.44,23.3094,53962.0,6.1
1960-12-01,29.81,1.98,22.8643,53744.0,6.6
1961-01-01,29.84,1.45,22.8922,53683.0,6.6
1961-02-01,29.84,2.54,22.8643,53556.0,6.9
1961-03-01,29.84,2.02,23.0034,53662.0,6.9
1961-04-01,29.81,1.49,23.4763,53626.0,7.0
1961-05-01,29.84,1.98,23.8379,53785.0,7.1
1961-06-01,29.84,1.73,24.1717,53977.0,6.9
1961-07-01,29.92,1.17,24.4498,54123.0,7.0
1961-08-01,29.94,2.0,24.6723,54298.0,6.6
1961-09-01,29.98,1.88,24.6446,54388.0,6.7
1961-10-01,29.98,2.26,25.1174,54522.0,6.5
1961-11-01,29.98,2.61,25.5068,54743.0,6.1
1961-12-01,30.01,2.33,25.7293,54871.0,6.0
1962-01-01,30.04,2.15,25.5068,54891.0,5.8
1962-02-01,30.11,2.37,25.924,55187.0,5.5
1962-03-01,30.17,2.85,26.0631,55276.0,5.6
1962-04-01,30.21,2.78,26.1188,55602.0,5.6
1962-05-01,30.24,2.36,26.0909,55627.0,5.5
1962-06-01,30.21,2.68,26.0353,55644.0,5.5
1962-07-01,30.22,2.71,26.2856,55746.0,5.4
1962-08-01,30.28,2.93,26.3135,55838.0,5.7
1962-09-01,30.42,2.9,26.4804,55977.0,5.6
1962-10-01,30.38,2.9,26.5082,56041.0,5.4
1962-11-01,30.38,2.94,26.6194,56056.0,5.7
1962-12-01,30.38,2.93,26.6194,56028.0,5.5
1963-01-01,30.44,2.92,26.8141,56116.0,5.7
1963-02-01,30.48,3.0,27.1201,56230.0,5.9
1963-03-01,30.51,2.98,27.287,56322.0,5.7
1963-04-01,30.48,2.9,27.5374,56580.0,5.7
1963-05-01,30.51,3.0,27.8711,56616.0,5.9
1963-06-01,30.61,2.99,27.9546,56658.0,5.6
1963-07-01,30.69,3.02,27.8433,56794.0,5.6
1963-08-01,30.75,3.49,27.899,56910.0,5.4
1963-09-01,30.72,3.48,28.1771,57077.0,5.5
1963-10-01,30.75,3.5,28.3718,57284.0,5.5
1963-11-01,30.78,3.48,28.5109,57255.0,5.7
1963-12-01,30.88,3.38,28.4553,57360.0,5.5
1964-01-01,30.94,3.48,28.7056,57487.0,5.6
1964-02-01,30.91,3.48,28.9003,57751.0,5.4
1964-03-01,30.94,3.43,28.9003,57898.0,5.4
1964-04-01,30.95,3.47,29.3732,57922.0,5.3
1964-05-01,30.98,3.5,29.5401,58089.0,5.1
1964-06-01,31.01,3.5,29.6235,58221.0,5.2
1964-07-01,31.02,3.42,29.8182,58413.0,4.9
1964-08-01,31.05,3.5,30.0129,58619.0,5.0
1964-09-01,31.08,3.45,30.1242,58903.0,5.1
1964-10-01,31.12,3.36,29.707,58794.0,5.1
1964-11-01,31.21,3.52,30.6249,59217.0,4.8
1964-12-01,31.25,3.85,30.9865,59421.0,5.0
1965-01-01,31.28,3.9,31.3203,59583.0,4.9
1965-02-01,31.28,3.98,31.515,59800.0,5.1
1965-03-01,31.31,4.04,31.9322,60003.0,4.7
1965-04-01,31.38,4.09,32.0713,60259.0,4.8
1965-05-01,31.48,4.1,32.3216,60492.0,4.6
1965-06-01,31.61,4.04,32.572,60690.0,4.6
1965-07-01,31.58,4.09,32.8779,60963.0,4.4
1965-08-01,31.55,4.12,33.017,61228.0,4.4
1965-09-01,31.62,4.01,33.1005,61490.0,4.3
1965-10-01,31.65,4.08,33.4343,61718.0,4.2
1965-11-01,31.75,4.1,33.5733,61997.0,4.1
1965-12-01,31.85,4.32,33.9905,62321.0,4.0
1966-01-01,31.88,4.42,34.3243,62528.0,4.0
1966-02-01,32.08,4.6,34.5469,62796.0,3.8
1966-03-01,32.18,4.65,35.0197,63192.0,3.8
1966-04-01,32.28,4.67,35.0754,63436.0,3.8
1966-05-01,32.35,4.9,35.4092,63711.0,3.9
1966-06-01,32.38,5.17,35.576,64110.0,3.8
1966-07-01,32.45,5.3,35.7707,64301.0,3.8
1966-08-01,32.65,5.53,35.7986,64507.0,3.8
1966-09-01,32.75,5.4,36.1323,64644.0,3.7
1966-10-01,32.85,5.53,36.3827,64854.0,3.7
1966-11-01,32.88,5.76,36.1323,65019.0,3.6
1966-12-01,32.92,5.4,36.2158,65200.0,3.8
1967-01-01,32.9,4.94,36.3866,65407.0,3.9
1967-02-01,33.0,5.0,35.9739,65428.0,3.8
1967-03-01,33.0,4.53,35.7712,65530.0,3.8
1967-04-01,33.1,4.05,36.1085,65467.0,3.8
1967-05-01,33.1,3.94,35.7935,65619.0,3.8
1967-06-01,33.3,3.98,35.789,65750.0,3.9
1967-07-01,33.4,3.79,35.7075,65887.0,3.8
1967-08-01,33.5,3.9,36.3916,66142.0,3.8
1967-09-01,33.6,3.99,36.3326,66164.0,3.8
1967-10-01,33.7,3.88,36.6285,66225.0,4.0
1967-11-01,33.9,4.13,37.1523,66703.0,3.9
1967-12-01,34.0,4.51,37.5525,66900.0,3.8
1968-01-01,34.1,4.6,37.512,66805.0,3.7
1968-02-01,34.2,4.71,37.6465,67215.0,3.8
1968-03-01,34.3,5.05,37.764,67295.0,3.7
1968-04-01,34.4,5.76,37.8186,67555.0,3.5
1968-05-01,34.5,6.11,38.2429,67653.0,3.5
1968-06-01,34.7,6.07,38.3833,67904.0,3.7
1968-07-01,34.9,6.02,38.3245,68125.0,3.7
1968-08-01,35.0,6.03,38.4314,68328.0,3.5
1968-09-01,35.1,5.78,38.577,68487.0,3.4
1968-10-01,35.3,5.91,38.6536,68720.0,3.4
1968-11-01,35.4,5.82,39.1535,68985.0,3.4
1968-12-01,35.6,6.02,39.2772,69246.0,3.4
1969-01-01,35.7,6.3,39.5148,69438.0,3.4
1969-02-01,35.8,6.61,39.7677,69700.0,3.4
1969-03-01,36.1,6.79,40.0795,69905.0,3.4
1969-04-01,36.3,7.41,39.932,70072.0,3.4
1969-05-01,36.4,8.67,39.7811,70328.0,3.4
1969-06-01,36.6,8.9,40.1698,70636.0,3.5
1969-07-01,36.8,8.61,40.3818,70729.0,3.5
1969-08-01,36.9,9.19,40.4746,71006.0,3.5
1969-09-01,37.1,9.15,40.4655,70917.0,3.7
1969-10-01,37.3,9.0,40.4774,71120.0,3.7
1969-11-01,37.5,8.85,40.0958,71087.0,3.5
1969-12-01,37.7,8.97,39.9882,71240.0,3.5
1970-01-01,37.9,8.98,39.2477,71176.0,3.9
1970-02-01,38.1,8.98,39.2219,71304.0,4.2
1970-03-01,38.3,7.76,39.171,71452.0,4.4
1970-04-01,38.5,8.1,39.0702,71348.0,4.6
1970-05-01,38.6,7.94,39.0247,71123.0,4.8
1970-06-01,38.8,7.6,38.8985,71029.0,4.9
1970-07-01,38.9,7.21,38.994,71053.0,5.0
1970-08-01,39.0,6.61,38.9245,70933.0,5.1
1970-09-01,39.2,6.29,38.6561,70948.0,5.4
1970-10-01,39.4,6.2,37.8829,70519.0,5.5
1970-11-01,39.6,5.6,37.6534,70409.0,5.9
1970-12-01,39.8,4.9,38.5182,70790.0,6.1
1971-01-01,39.9,4.14,38.8144,70866.0,5.9
1971-02-01,39.9,3.72,38.7405,70806.0,5.9
1971-03-01,40.0,3.71,38.6985,70859.0,6.0
1971-04-01,40.1,4.15,38.9158,71037.0,5.9
1971-05-01,40.3,4.63,39.1133,71247.0,5.9
1971-06-01,40.5,4.91,39.2773,71253.0,5.9
1971-07-01,40.6,5.31,39.1633,71315.0,6.0
1971-08-01,40.7,5.56,38.936,71370.0,6.1
1971-09-01,40.8,5.55,39.5688,71617.0,6.0
1971-10-01,40.9,5.2,39.865,71642.0,5.8
1971-11-01,41.0,4.91,40.0342,71846.0,6.0
1971-12-01,41.1,4.14,40.4964,72108.0,6.0
1972-01-01,41.2,3.5,41.4709,72445.0,5.8
1972-02-01,41.4,3.29,41.8616,72652.0,5.7
1972-03-01,41.4,3.83,42.1645,72945.0,5.8
1972-04-01,41.5,4.17,42.6064,73163.0,5.7
1972-05-01,41.6,4.27,42.582,73467.0,5.7
1972-06-01,41.7,4.46,42.7051,73760.0,5.7
1972-07-01,41.8,4.55,42.6924,73708.0,5.6
1972-08-01,41.9,4.8,43.2568,74138.0,5.6
1972-09-01,42.1,4.87,43.5838,74263.0,5.5
1972-10-01,42.2,5.04,44.1699,74673.0,5.6
1972-11-01,42.4,5.06,44.6846,74967.0,5.3
1972-12-01,42.5,5.33,45.2006,75270.0,5.2
1973-01-01,42.7,5.94,45.498,75621.0,4.9
1973-02-01,43.0,6.58,46.1773,76017.0,5.0
1973-03-01,43.4,7.09,46.1937,76285.0,4.9
1973-04-01,43.7,7.12,46.1272,76455.0,5.0
1973-05-01,43.9,7.84,46.4199,76646.0,4.9
1973-06-01,44.2,8.49,46.4535,76887.0,4.9
1973-07-01,44.2,10.4,46.648,76911.0,4.8
1973-08-01,45.0,10.5,46.5669,77166.0,4.8
1973-09-01,45.2,10.78,46.9866,77276.0,4.8
1973-10-01,45.6,10.01,47.2997,77606.0,4.6
1973-11-01,45.9,10.03,47.548,77912.0,4.8
1973-12-01,46.3,9.95,47.4375,78035.0,4.9
1974-01-01,46.8,9.65,47.1083,78104.0,5.1
1974-02-01,47.3,8.97,46.9634,78254.0,5.2
1974-03-01,47.8,9.35,46.9733,78296.0,5.1
1974-04-01,48.1,10.51,46.83,78382.0,5.1
1974-05-01,48.6,11.31,47.1848,78547.0,5.1
1974-06-01,49.0,11.93,47.1292,78602.0,5.4
1974-07-01,49.3,12.92,47.1505,78635.0,5.5
1974-08-01,49.9,12.01,46.6882,78619.0,5.5
1974-09-01,50.6,11.34,46.7161,78611.0,5.9
1974-10-01,51.0,10.06,46.536,78629.0,6.0
1974-11-01,51.5,9.45,45.0062,78261.0,6.6
1974-12-01,51.9,8.53,43.4204,77657.0,7.2
1975-01-01,52.3,7.13,42.8246,77297.0,8.1
1975-02-01,52.6,6.24,41.8301,76919.0,8.1
1975-03-01,52.8,5.54,41.3862,76649.0,8.6
1975-04-01,53.0,5.49,41.4258,76461.0,8.8
1975-05-01,53.1,5.22,41.3326,76623.0,9.0
1975-06-01,53.5,5.55,41.6042,76520.0,8.8
1975-07-01,54.0,6.1,42.0025,76769.0,8.6
1975-08-01,54.2,6.14,42.4426,77155.0,8.4
1975-09-01,54.6,6.24,42.9708,77230.0,8.4
1975-10-01,54.9,5.82,43.1611,77535.0,8.4
1975-11-01,55.3,5.22,43.2561,77680.0,8.3
1975-12-01,55.6,5.2,43.7944,78018.0,8.2
1976-01-01,55.8,4.87,44.4309,78506.0,7.9
1976-02-01,55.9,4.77,44.8644,78817.0,7.7
1976-03-01,56.0,4.84,44.916,79049.0,7.6
1976-04-01,56.1,4.82,45.1733,79292.0,7.7
1976-05-01,56.4,5.29,45.3729,79311.0,7.4
1976-06-01,56.7,5.48,45.3841,79376.0,7.6
1976-07-01,57.0,5.31,45.6491,79547.0,7.8
1976-08-01,57.3,5.29,45.9698,79704.0,7.8
1976-09-01,57.6,5.25,46.1015,79892.0,7.6
1976-10-01,57.9,5.02,46.1172,79905.0,7.7
1976-11-01,58.1,4.95,46.7939,80237.0,7.8
1976-12-01,58.4,4.65,47.2798,80448.0,7.8
1977-01-01,58.7,4.61,47.023,80692.0,7.5
1977-02-01,59.3,4.68,47.7335,80988.0,7.6
1977-03-01,59.6,4.69,48.3415,81391.0,7.4
1977-04-01,60.0,4.73,48.7789,81729.0,7.2
1977-05-01,60.2,5.35,49.2046,82089.0,7.0
1977-06-01,60.5,5.39,49.5627,82488.0,7.2
1977-07-01,60.8,5.42,49.6389,82836.0,6.9
1977-08-01,61.1,5.9,49.6517,83074.0,7.0
1977-09-01,61.3,6.14,49.8872,83532.0,6.8
1977-10-01,61.6,6.47,49.9859,83794.0,6.8
1977-11-01,62.0,6.51,50.0357,84173.0,6.8
1977-12-01,62.3,6.56,50.1135,84408.0,6.4
1978-01-01,62.7,6.7,49.4201,84595.0,6.4
1978-02-01,63.0,6.78,49.6618,84948.0,6.3
1978-03-01,63.4,6.79,50.6053,85461.0,6.3
1978-04-01,63.9,6.89,51.6639,86163.0,6.1
1978-05-01,64.5,7.36,51.8472,86509.0,6.0
1978-06-01,65.0,7.6,52.2056,86951.0,5.9
1978-07-01,65.5,7.81,52.1834,87205.0,6.2
1978-08-01,65.9,8.04,52.3807,87481.0,5.9
1978-09-01,66.5,8.45,52.5124,87618.0,6.0
1978-10-01,67.1,8.96,52.9384,87954.0,5.8
1978-11-01,67.5,9.76,53.3363,88391.0,5.9
1978-12-01,67.9,10.03,53.6296,88673.0,6.0
1979-01-01,68.5,10.07,53.2837,88810.0,5.9
1979-02-01,69.2,10.06,53.5675,89054.0,5.9
1979-03-01,69.9,10.09,53.7364,89480.0,5.8
1979-04-01,70.6,10.01,53.1571,89418.0,5.8
1979-05-01,71.4,10.24,53.5566,89791.0,5.6
1979-06-01,72.2,10.29,53.5534,90109.0,5.7
1979-07-01,73.0,10.47,53.4808,90215.0,5.7
1979-08-01,73.7,10.94,53.1195,90297.0,6.0
1979-09-01,74.4,11.43,53.1786,90325.0,5.9
1979-10-01,75.2,13.77,53.4617,90482.0,6.0
1979-11-01,76.0,13.18,53.409,90576.0,5.9
1979-12-01,76.9,13.78,53.4536,90673.0,6.0
1980-01-01,78.0,13.82,53.7071,90802.0,6.3
1980-02-01,79.0,14.13,53.7262,90882.0,6.3
1980-03-01,80.1,17.19,53.5481,90994.0,6.3
1980-04-01,80.9,17.61,52.4571,90850.0,6.9
1980-05-01,81.7,10.98,51.1904,90419.0,7.5
1980-06-01,82.5,9.47,50.5575,90099.0,7.6
1980-07-01,82.6,9.03,50.166,89837.0,7.8
1980-08-01,83.2,9.61,50.353,90097.0,7.7
1980-09-01,83.9,10.87,51.1727,90210.0,7.5
1980-10-01,84.7,12.81,51.8129,90491.0,7.5
1980-11-01,85.6,15.85,52.7175,90748.0,7.5
1980-12-01,86.4,18.9,53.0142,90943.0,7.2
1981-01-01,87.2,19.08,52.7119,91037.0,7.5
1981-02-01,88.0,15.93,52.4633,91105.0,7.4
1981-03-01,88.6,14.7,52.7501,91210.0,7.4
1981-04-01,89.1,15.72,52.5233,91283.0,7.2
1981-05-01,89.7,18.52,52.8211,91293.0,7.5
1981-06-01,90.5,19.1,53.0699,91490.0,7.5
1981-07-01,91.5,19.04,53.4044,91602.0,7.2
1981-08-01,92.2,17.82,53.3959,91566.0,7.4
1981-09-01,93.1,15.87,53.0761,91479.0,7.6
1981-10-01,93.4,15.08,52.6972,91380.0,7.9
1981-11-01,93.8,13.31,52.0996,91171.0,8.3
1981-12-01,94.1,12.37,51.5219,90893.0,8.5
1982-01-01,94.4,13.22,50.4933,90567.0,8.6
1982-02-01,94.7,14.78,51.4979,90562.0,8.9
1982-03-01,94.7,14.68,51.1159,90432.0,9.0
1982-04-01,95.0,14.94,50.6623,90152.0,9.3
1982-05-01,95.9,14.45,50.3505,90107.0,9.4
1982-06-01,97.0,14.15,50.1943,89864.0,9.6
1982-07-01,97.5,12.59,50.0395,89522.0,9.8
1982-08-01,97.7,10.12,49.6075,89364.0,9.8
1982-09-01,97.7,10.31,49.4584,89183.0,10.1
1982-10-01,98.1,9.71,49.011,88906.0,10.4
1982-11-01,98.0,9.2,48.8232,88783.0,10.8
1982-12-01,97.7,8.95,48.4682,88769.0,10.8
1983-01-01,97.9,8.68,49.3992,88993.0,10.4
1983-02-01,98.0,8.51,49.089,88918.0,10.4
1983-03-01,98.1,8.77,49.4906,89090.0,10.3
1983-04-01,98.8,8.8,50.0805,89366.0,10.2
1983-05-01,99.2,8.63,50.4295,89643.0,10.1
1983-06-01,99.4,8.98,50.7333,90022.0,10.1
1983-07-01,99.8,9.37,51.5016,90440.0,9.4
1983-08-01,100.1,9.56,52.0679,90132.0,9.5
1983-09-01,100.4,9.45,52.8472,91247.0,9.2
1983-10-01,100.8,9.48,53.2874,91518.0,8.8
1983-11-01,101.1,9.34,53.4759,91871.0,8.5
1983-12-01,101.4,9.47,53.7593,92227.0,8.3
1984-01-01,102.1,9.56,54.8216,92673.0,8.0
1984-02-01,102.6,9.59,55.0698,93154.0,7.8
1984-03-01,102.9,9.91,55.3384,93429.0,7.8
1984-04-01,103.3,10.29,55.6911,93792.0,7.7
1984-05-01,103.5,10.32,55.9506,94100.0,7.4
1984-06-01,103.7,11.06,56.1549,94479.0,7.2
1984-07-01,104.1,11.23,56.3326,94792.0,7.5
1984-08-01,104.4,11.64,56.3847,95034.0,7.5
1984-09-01,104.7,11.3,56.2832,95344.0,7.3
1984-10-01,105.1,9.99,56.1943,95630.0,7.4
1984-11-01,105.3,9.43,56.4108,95979.0,7.2
1984-12-01,105.5,8.38,56.4759,96107.0,7.3
1985-01-01,105.7,8.35,56.3801,96373.0,7.3
1985-02-01,106.3,8.5,56.5796,96497.0,7.2
1985-03-01,106.8,8.58,56.6645,96843.0,7.2
1985-04-01,107.0,8.27,56.5122,97039.0,7.3
1985-05-01,107.2,7.97,56.5982,97313.0,7.2
1985-06-01,107.5,7.53,56.6317,97459.0,7.4
1985-07-01,107.7,7.88,56.2637,97649.0,7.4
1985-08-01,107.9,7.9,56.496,97842.0,7.1
1985-09-01,108.1,7.92,56.7412,98045.0,7.1
1985-10-01,108.5,7.99,56.508,98233.0,7.1
1985-11-01,109.0,8.05,56.6984,98442.0,7.0
1985-12-01,109.5,8.27,57.2954,98609.0,7.0
1986-01-01,109.9,8.14,57.5555,98734.0,6.7
1986-02-01,109.7,7.86,57.1707,98841.0,7.2
1986-03-01,109.1,7.48,56.7784,98935.0,7.2
1986-04-01,108.7,6.99,56.8228,99122.0,7.1
1986-05-01,109.0,6.85,56.938,99249.0,7.2
1986-06-01,109.4,6.92,56.7427,99155.0,7.2
1986-07-01,109.5,6.56,57.0569,99473.0,7.0
1986-08-01,109.6,6.17,56.9807,99587.0,6.9
1986-09-01,110.0,5.89,57.0954,99934.0,7.0
1986-10-01,110.2,5.85,57.3542,100120.0,7.0
1986-11-01,110.4,6.04,57.623,100306.0,6.9
1986-12-01,110.8,6.91,58.1006,100511.0,6.6
1987-01-01,111.4,6.43,57.9173,100683.0,6.6
1987-02-01,111.8,6.1,58.663,100915.0,6.6
1987-03-01,112.2,6.13,58.7602,101164.0,6.6
1987-04-01,112.7,6.37,59.1416,101502.0,6.3
1987-05-01,113.0,6.85,59.517,101728.0,6.3
1987-06-01,113.5,6.73,59.7996,101900.0,6.2
1987-07-01,113.8,6.58,60.2152,102247.0,6.1
1987-08-01,114.3,6.73,60.7146,102418.0,6.0
1987-09-01,114.7,7.22,60.8781,102646.0,5.9
1987-10-01,115.0,7.29,61.7569,103138.0,6.0
1987-11-01,115.4,6.69,62.091,103370.0,5.8
1987-12-01,115.6,6.77,62.394,103664.0,5.7
1988-01-01,116.0,6.83,62.4207,103758.0,5.7
1988-02-01,116.2,6.58,62.6908,104211.0,5.7
1988-03-01,116.5,6.58,62.8421,104487.0,5.7
1988-04-01,117.2,6.87,63.1885,104732.0,5.4
1988-05-01,117.5,7.09,63.1203,104961.0,5.6
1988-06-01,118.0,7.51,63.2843,105324.0,5.4
1988-07-01,118.5,7.75,63.3155,105546.0,5.4
1988-08-01,119.0,8.01,63.5859,105670.0,5.6
1988-09-01,119.5,8.19,63.405,106009.0,5.4
1988-10-01,119.9,8.3,63.7184,106277.0,5.4
1988-11-01,120.3,8.35,63.8175,106616.0,5.3
1988-12-01,120.7,8.76,64.1273,106906.0,5.3
1989-01-01,121.2,9.12,64.3162,107168.0,5.4
1989-02-01,121.6,9.36,64.026,107426.0,5.2
1989-03-01,122.2,9.85,64.166,107619.0,5.0
1989-04-01,123.1,9.84,64.222,107792.0,5.2
1989-05-01,123.7,9.81,63.7707,107910.0,5.2
1989-06-01,124.1,9.53,63.8022,108026.0,5.3
1989-07-01,124.5,9.24,63.236,108066.0,5.2
1989-08-01,124.5,8.99,63.8059,108115.0,5.2
1989-09-01,124.8,9.02,63.576,108365.0,5.3
1989-10-01,125.4,8.84,63.5346,108476.0,5.3
1989-11-01,125.9,8.55,63.7465,108753.0,5.4
1989-12-01,126.3,8.45,64.1419,108849.0,5.4
1990-01-01,127.5,8.23,63.7117,109185.0,5.4
1990-02-01,128.0,8.24,64.3504,109433.0,5.3
1990-03-01,128.6,8.28,64.6721,109648.0,5.2
1990-04-01,128.9,8.26,64.5975,109687.0,5.4
1990-05-01,129.1,8.18,64.7028,109839.0,5.4
1990-06-01,129.9,8.29,64.9174,109861.0,5.2
1990-07-01,130.5,8.15,64.8436,109830.0,5.5
1990-08-01,131.6,8.13,65.043,109614.0,5.7
1990-09-01,132.5,8.2,65.1372,109524.0,5.9
1990-10-01,133.4,8.11,64.6442,109364.0,5.9
1990-11-01,133.7,7.81,63.8853,109215.0,6.2
1990-12-01,134.2,7.31,63.4658,109159.0,6.3
1991-01-01,134.7,6.91,63.1915,109042.0,6.4
1991-02-01,134.8,6.25,62.7585,108736.0,6.6
1991-03-01,134.8,6.12,62.4265,108578.0,6.8
1991-04-01,135.1,5.91,62.5503,108366.0,6.7
1991-05-01,135.6,5.78,63.1756,108243.0,6.9
1991-06-01,136.0,5.9,63.742,108337.0,6.9
1991-07-01,136.2,5.82,63.8029,108298.0,6.8
1991-08-01,136.6,5.66,63.8503,108308.0,6.9
1991-09-01,137.0,5.45,64.4151,108340.0,6.9
1991-10-01,137.2,5.21,64.2992,108355.0,7.0
1991-11-01,137.8,4.81,64.2209,108298.0,7.0
1991-12-01,138.2,4.43,63.9602,108324.0,7.3
1992-01-01,138.3,4.03,63.596,108375.0,7.3
1992-02-01,138.6,4.06,64.0409,108314.0,7.4
1992-03-01,139.1,3.98,64.5973,108369.0,7.4
1992-04-01,139.4,3.73,65.0756,108527.0,7.4
1992-05-01,139.7,3.82,65.2831,108654.0,7.6
1992-06-01,140.1,3.76,65.2957,108719.0,7.8
1992-07-01,140.5,3.25,65.8801,108792.0,7.7
1992-08-01,140.8,3.3,65.5581,108930.0,7.6
1992-09-01,141.1,3.22,65.715,108966.0,7.6
1992-10-01,141.7,3.1,66.2013,109147.0,7.3
1992-11-01,142.1,3.09,66.4879,109283.0,7.4
1992-12-01,142.3,2.92,66.5431,109494.0,7.4
1993-01-01,142.8,3.02,66.8264,109804.0,7.3
1993-02-01,143.1,3.03,67.1172,110047.0,7.1
1993-03-01,143.3,3.07,67.0479,109998.0,7.0
1993-04-01,143.8,2.96,67.2498,110306.0,7.1
1993-05-01,144.2,3.0,67.0325,110573.0,7.1
1993-06-01,144.3,3.04,67.1532,110752.0,7.0
1993-07-01,144.5,3.06,67.3586,111054.0,6.9
1993-08-01,144.8,3.03,67.2888,111212.0,6.8
1993-09-01,145.0,3.09,67.6092,111453.0,6.7
1993-10-01,145.6,2.99,68.1214,111736.0,6.8
1993-11-01,146.0,3.02,68.4089,111999.0,6.6
1993-12-01,146.3,2.96,68.7737,112315.0,6.5
1994-01-01,146.3,3.05,69.0299,112587.0,6.6
1994-02-01,146.7,3.25,69.0418,112783.0,6.6
1994-03-01,147.1,3.34,69.7582,113247.0,6.5
1994-04-01,147.2,3.56,70.125,113597.0,6.4
1994-05-01,147.5,4.01,70.4978,113931.0,6.1
1994-06-01,147.9,4.25,70.948,114245.0,6.1
1994-07-01,148.4,4.26,71.0595,114619.0,6.1
1994-08-01,149.0,4.47,71.4749,114902.0,6.0
1994-09-01,149.3,4.73,71.7333,115256.0,5.9
1994-10-01,149.4,4.76,72.3479,115465.0,5.8
1994-11-01,149.8,5.29,72.8018,115886.0,5.6
1994-12-01,150.1,5.45,73.5563,116166.0,5.5
1995-01-01,150.5,5.53,73.6891,116492.0,5.6
1995-02-01,150.9,5.92,73.5889,116693.0,5.4
1995-03-01,151.2,5.98,73.6895,116912.0,5.4
1995-04-01,151.8,6.05,73.676,117075.0,5.8
1995-05-01,152.1,6.01,73.8858,117059.0,5.6
1995-06-01,152.4,6.0,74.1391,117293.0,5.6
1995-07-01,152.6,5.85,73.8447,117389.0,5.7
1995-08-01,152.9,5.74,74.7803,117644.0,5.7
1995-09-01,153.1,5.8,75.0755,117888.0,5.6
1995-10-01,153.5,5.76,74.9925,118039.0,5.5
1995-11-01,153.7,5.8,75.1822,118188.0,5.6
1995-12-01,153.9,5.6,75.4725,118322.0,5.6
1996-01-01,154.7,5.56,74.9823,118307.0,5.6
1996-02-01,155.0,5.22,76.153,118736.0,5.5
1996-03-01,155.5,5.31,76.0724,119001.0,5.5
1996-04-01,156.1,5.22,76.7608,119165.0,5.6
1996-05-01,156.4,5.24,77.3269,119488.0,5.6
1996-06-01,156.7,5.27,77.9694,119773.0,5.3
1996-07-01,157.0,5.4,77.8351,120023.0,5.5
1996-08-01,157.2,5.22,78.3005,120203.0,5.1
1996-09-01,157.7,5.3,78.8378,120427.0,5.2
1996-10-01,158.2,5.24,78.7843,120676.0,5.2
1996-11-01,158.7,5.31,79.4683,120975.0,5.4
1996-12-01,159.1,5.29,79.9829,121146.0,5.4
1997-01-01,159.4,5.25,80.0837,121379.0,5.3
1997-02-01,159.7,5.19,81.0483,121684.0,5.2
1997-03-01,159.8,5.39,81.6195,121999.0,5.2
1997-04-01,159.9,5.51,81.6408,122291.0,5.1
1997-05-01,159.9,5.5,82.1311,122552.0,4.9
1997-06-01,160.2,5.56,82.5332,122818.0,5.0
1997-07-01,160.4,5.52,83.1538,123124.0,4.9
1997-08-01,160.8,5.54,84.0293,123093.0,4.8
1997-09-01,161.2,5.54,84.7873,123604.0,4.9
1997-10-01,161.5,5.5,85.5125,123946.0,4.7
1997-11-01,161.7,5.52,86.2601,124250.0,4.6
1997-12-01,161.8,5.5,86.5262,124554.0,4.7
1998-01-01,162.0,5.56,86.9662,124828.0,4.6
1998-02-01,162.0,5.51,87.0687,125027.0,4.6
1998-03-01,162.0,5.49,87.1414,125176.0,4.7
1998-04-01,162.2,5.45,87.4497,125456.0,4.3
1998-05-01,162.6,5.49,88.0124,125860.0,4.4
1998-06-01,162.8,5.56,87.4571,126080.0,4.5
1998-07-01,163.2,5.54,87.1484,126209.0,4.5
1998-08-01,163.4,5.55,88.936,126551.0,4.5
1998-09-01,163.5,5.51,88.778,126773.0,4.6
1998-10-01,163.9,5.07,89.4857,126974.0,4.5
1998-11-01,164.1,4.83,89.4358,127254.0,4.4
1998-12-01,164.4,4.68,89.7761,127601.0,4.4
1999-01-01,164.7,4.63,90.1893,127727.0,4.3
1999-02-01,164.7,4.76,90.6683,128136.0,4.4
1999-03-01,164.8,4.81,90.831,128244.0,4.2
1999-04-01,165.9,4.74,91.0632,128618.0,4.3
1999-05-01,166.0,4.74,91.7311,128830.0,4.2
1999-06-01,166.0,4.76,91.5818,129093.0,4.3
1999-07-01,166.7,4.99,92.1587,129414.0,4.3
1999-08-01,167.1,5.07,92.5363,129576.0,4.2
1999-09-01,167.8,5.22,92.1699,129792.0,4.2
1999-10-01,168.1,5.2,93.3786,130189.0,4.1
1999-11-01,168.4,5.42,93.824,130482.0,4.1
1999-12-01,168.8,5.3,94.5441,130781.0,4.0
2000-01-01,169.3,5.45,94.5458,131009.0,4.0
2000-02-01,170.0,5.73,94.8185,131140.0,4.1
2000-03-01,171.0,5.85,95.1983,131608.0,4.0
2000-04-01,170.9,6.02,95.8921,131895.0,3.8
2000-05-01,171.2,6.27,96.0691,132121.0,4.0
2000-06-01,172.2,6.53,96.1568,132077.0,4.0
2000-07-01,172.7,6.54,96.0239,132253.0,4.0
2000-08-01,172.7,6.5,95.7182,132240.0,4.1
2000-09-01,173.6,6.52,96.1105,132375.0,3.9
2000-10-01,173.9,6.51,95.8225,132361.0,3.9
2000-11-01,174.2,6.51,95.8391,132589.0,3.9
2000-12-01,174.6,6.4,95.5791,132731.0,3.9
2001-01-01,175.6,5.98,94.9499,132706.0,4.2
2001-02-01,176.0,5.49,94.369,132778.0,4.2
2001-03-01,176.1,5.31,94.1259,132751.0,4.3
2001-04-01,176.4,4.8,93.9061,132471.0,4.4
2001-05-01,177.3,4.21,93.2803,132432.0,4.3
2001-06-01,177.7,3.97,92.7057,132302.0,4.5
2001-07-01,177.4,3.77,92.1721,132191.0,4.6
2001-08-01,177.4,3.65,92.0023,132035.0,4.9
2001-09-01,178.1,3.07,91.6795,131794.0,5.0
2001-10-01,177.6,2.49,91.2682,131467.0,5.3
2001-11-01,177.5,2.09,90.7894,131176.0,5.5
2001-12-01,177.4,1.82,90.8311,131004.0,5.7
2002-01-01,177.7,1.73,91.3471,130869.0,5.7
2002-02-01,178.0,1.74,91.3672,130733.0,5.7
2002-03-01,178.5,1.73,92.1054,130712.0,5.7
2002-04-01,179.3,1.75,92.479,130634.0,5.9
2002-05-01,179.5,1.75,92.8824,130629.0,5.8
2002-06-01,179.6,1.75,93.7637,130685.0,5.8
2002-07-01,180.0,1.73,93.5461,130601.0,5.8
2002-08-01,180.5,1.74,93.5765,130587.0,5.7
2002-09-01,180.8,1.75,93.7116,130527.0,5.7
2002-10-01,181.2,1.75,93.4006,130649.0,5.7
2002-11-01,181.5,1.34,93.8758,130662.0,5.9
2002-12-01,181.8,1.24,93.4191,130504.0,6.0
2003-01-01,182.6,1.24,93.9571,130596.0,5.8
2003-02-01,183.6,1.26,94.2558,130447.0,5.9
2003-03-01,183.9,1.25,94.0416,130238.0,5.9
2003-04-01,183.2,1.26,93.3666,130194.0,6.0
2003-05-01,182.9,1.26,93.3852,130187.0,6.1
2003-06-01,183.1,1.22,93.5219,130197.0,6.3
2003-07-01,183.7,1.01,93.9144,130219.0,6.2
2003-08-01,184.5,1.03,93.7371,130178.0,6.1
2003-09-01,185.1,1.01,94.3262,130282.0,6.1
2003-10-01,184.9,1.01,94.4442,130485.0,6.0
2003-11-01,185.0,1.0,95.2224,130496.0,5.8
2003-12-01,185.5,0.98,95.1545,130619.0,5.7
2004-01-01,186.3,1.0,95.3434,130778.0,5.7
2004-02-01,186.7,1.01,95.9228,130826.0,5.6
2004-03-01,187.1,1.0,95.4538,131157.0,5.8
2004-04-01,187.4,1.0,95.8653,131408.0,5.6
2004-05-01,188.2,1.0,96.6472,131715.0,5.6
2004-06-01,188.9,1.03,95.8588,131792.0,5.6
2004-07-01,189.1,1.26,96.5901,131837.0,5.5
2004-08-01,189.2,1.43,96.6687,131956.0,5.4
2004-09-01,189.8,1.61,96.745,132118.0,5.4
2004-10-01,190.8,1.76,97.6604,132464.0,5.5
2004-11-01,191.7,1.93,97.8427,132530.0,5.4
2004-12-01,191.7,2.16,98.5495,132659.0,5.4
2005-01-01,191.6,2.28,99.002,132795.0,5.3
2005-02-01,192.4,2.5,99.6741,133034.0,5.4
2005-03-01,193.1,2.63,99.5181,133169.0,5.2
2005-04-01,193.7,2.79,99.6518,133533.0,5.2
2005-05-01,193.6,3.0,99.8158,133710.0,5.1
2005-06-01,193.7,3.04,100.2232,133955.0,5.0
2005-07-01,194.9,3.26,99.8997,134329.0,5.0
2005-08-01,196.1,3.5,100.1025,134525.0,4.9
2005-09-01,198.8,3.62,98.2644,134592.0,5.0
2005-10-01,199.1,3.78,99.4949,134676.0,5.0
2005-11-01,198.1,4.0,100.5129,135017.0,5.0
2005-12-01,198.1,4.16,101.1118,135174.0,4.9
2006-01-01,199.3,4.29,101.2313,135452.0,4.7
2006-02-01,199.4,4.49,101.2755,135767.0,4.8
2006-03-01,199.7,4.59,101.4651,136049.0,4.7
2006-04-01,200.7,4.79,101.9012,136232.0,4.7
2006-05-01,201.3,4.94,101.7589,136257.0,4.6
2006-06-01,201.8,4.99,102.1304,136336.0,4.6
2006-07-01,202.9,5.24,102.0989,136542.0,4.7
2006-08-01,203.8,5.25,102.4526,136725.0,4.7
2006-09-01,202.8,5.25,102.2753,136878.0,4.5
2006-10-01,201.9,5.25,102.2299,136886.0,4.4
2006-11-01,202.0,5.25,102.1419,137095.0,4.5
2006-12-01,203.1,5.24,103.2191,137266.0,4.4
2007-01-01,203.437,5.25,102.7129,137506.0,4.6
2007-02-01,204.226,5.26,103.7659,137595.0,4.5
2007-03-01,205.288,5.26,103.9538,137785.0,4.4
2007-04-01,205.904,5.25,104.7077,137865.0,4.5
2007-05-01,206.755,5.25,104.7507,138008.0,4.4
2007-06-01,207.234,5.25,104.7581,138083.0,4.6
2007-07-01,207.603,5.26,104.7111,138049.0,4.7
2007-08-01,207.667,5.02,104.9122,138029.0,4.6
2007-09-01,208.547,4.94,105.2764,138117.0,4.7
2007-10-01,209.19,4.76,104.772,138201.0,4.7
2007-11-01,210.834,4.49,105.3295,138315.0,4.7
2007-12-01,211.445,4.24,105.3213,138413.0,5.0
2008-01-01,212.174,3.94,105.0195,138430.0,5.0
2008-02-01,212.687,2.98,104.6741,138346.0,4.9
2008-03-01,213.448,2.61,104.4179,138268.0,5.1
2008-04-01,213.942,2.28,103.6403,138058.0,5.0
2008-05-01,215.208,1.98,103.1178,137872.0,5.4
2008-06-01,217.463,2.0,102.9484,137710.0,5.6
2008-07-01,219.016,2.01,102.4071,137497.0,5.8
2008-08-01,218.69,2.0,100.8875,137230.0,6.1
2008-09-01,218.877,1.81,96.5439,136780.0,6.1
2008-10-01,216.995,0.97,97.4562,136306.0,6.5
2008-11-01,213.153,0.39,96.2593,135540.0,6.8
2008-12-01,211.398,0.16,93.4434,134846.0,7.3
2009-01-01,211.933,0.15,91.2317,134053.0,7.8
2009-02-01,212.705,0.22,90.6389,133351.0,8.3
2009-03-01,212.495,0.18,89.1913,132528.0,8.7
2009-04-01,212.709,0.15,88.3876,131841.0,9.0
2009-05-01,213.022,0.18,87.4424,131492.0,9.4
2009-06-01,214.79,0.21,87.065,131021.0,9.5
2009-07-01,214.726,0.16,87.981,130692.0,9.5
2009-08-01,215.445,0.16,88.9534,130479.0,9.6
2009-09-01,215.861,0.15,89.6229,130259.0,9.8
2009-10-01,216.509,0.12,89.9136,130055.0,10.0
2009-11-01,217.234,0.12,90.2811,130053.0,9.9
2009-12-01,217.347,0.12,90.5265,129778.0,9.9
2010-01-01,217.488,0.11,91.5636,129801.0,9.8
2010-02-01,217.281,0.13,91.8988,129733.0,9.8
2010-03-01,217.353,0.16,92.5394,129897.0,9.9
2010-04-01,217.403,0.2,92.928,130140.0,9.9
2010-05-01,217.29,0.2,94.3244,130664.0,9.6
2010-06-01,217.199,0.18,94.5056,130527.0,9.4
2010-07-01,217.605,0.18,94.9417,130459.0,9.4
2010-08-01,217.923,0.19,95.3385,130423.0,9.5
2010-09-01,218.275,0.19,95.6063,130371.0,9.5
2010-10-01,219.035,0.19,95.3785,130633.0,9.4
2010-11-01,219.59,0.19,95.4163,130752.0,9.8
2010-12-01,220.472,0.18,96.2444,130839.0,9.3
2011-01-01,221.187,0.17,96.1454,130882.0,9.1
2011-02-01,221.898,0.16,95.7235,131071.0,9.0
2011-03-01,223.046,0.14,96.6445,131296.0,9.0
2011-04-01,224.093,0.1,96.2727,131642.0,9.1
2011-05-01,224.806,0.09,96.4871,131719.0,9.0
2011-06-01,224.806,0.09,96.715,131944.0,9.1
2011-07-01,225.395,0.07,97.1317,132013.0,9.0
2011-08-01,226.106,0.1,97.7027,132123.0,9.0
2011-09-01,226.597,0.08,97.6288,132371.0,9.0
2011-10-01,226.75,0.07,98.3224,132580.0,8.8
2011-11-01,227.169,0.08,98.1979,132721.0,8.6
2011-12-01,227.223,0.07,98.6923,132930.0,8.5
2012-01-01,227.842,0.08,99.3264,133288.0,8.3
2012-02-01,228.329,0.1,99.6217,133525.0,8.3
2012-03-01,228.807,0.13,99.0674,133758.0,8.2
2012-04-01,229.187,0.14,99.8626,133836.0,8.2
2012-05-01,228.713,0.16,100.0384,133951.0,8.2
2012-06-01,228.524,0.16,100.0677,134027.0,8.2
2012-07-01,228.59,0.16,100.304,134170.0,8.2
2012-08-01,229.918,0.13,99.9132,134347.0,8.1
2012-09-01,231.015,0.14,99.9138,134550.0,7.8
2012-10-01,231.638,0.16,100.2063,134696.0,7.8
2012-11-01,231.249,0.16,100.7003,134828.0,7.7
2012-12-01,231.221,0.16,100.9782,135072.0,7.9
2013-01-01,231.612,0.14,100.8955,135283.0,8.0
2013-02-01,232.985,0.15,101.4671,135569.0,7.7
2013-03-01,232.299,0.14,101.772,135699.0,7.5
2013-04-01,231.795,0.15,101.6802,135896.0,7.6
2013-05-01,231.916,0.11,101.6916,136122.0,7.5
2013-06-01,232.374,0.09,101.873,136284.0,7.5
2013-07-01,232.889,0.09,101.297,136406.0,7.3
2013-08-01,233.323,0.08,102.0772,136667.0,7.3
2013-09-01,233.632,0.08,102.5705,136857.0,7.2
2013-10-01,233.718,0.09,102.4728,137069.0,7.2
2013-11-01,234.121,0.08,102.8086,137327.0,6.9
2013-12-01,234.723,0.09,103.0979,137374.0,6.7
2014-01-01,235.385,0.07,102.6063,137564.0,6.6
2014-02-01,235.672,0.07,103.6292,137715.0,6.7
2014-03-01,235.978,0.08,104.5546,137987.0,6.7
2014-04-01,236.471,0.09,104.7807,138316.0,6.2
2014-05-01,236.832,0.09,105.0799,138562.0,6.3
2014-06-01,237.029,0.1,105.4698,138866.0,6.1
2014-07-01,237.424,0.09,105.4919,139068.0,6.2
2014-08-01,237.256,0.09,105.425,139298.0,6.2
2014-09-01,237.486,0.09,105.7329,139578.0,5.9
2014-10-01,237.506,0.09,105.7898,139805.0,5.7
2014-11-01,237.118,0.09,106.6134,140117.0,5.8
